{
  "experiment": "BM25_baseline",
  "timestamp": "2026-05-31 00:57:22.563024",
  "results": {
    "@5": {
      "Precision": 0.4767810026385224,
      "Recall": 0.008395790605625885,
      "MRR": 0.5904793315743183,
      "Hit": 0.6985488126649076
    },
    "@10": {
      "Precision": 0.46398416886543536,
      "Recall": 0.014851664614593496,
      "MRR": 0.6001183146961512,
      "Hit": 0.7704485488126649
    },
    "@20": {
      "Precision": 0.4258575197889182,
      "Recall": 0.026875217274942312,
      "MRR": 0.6056928216253514,
      "Hit": 0.8529023746701847
    }
  }
}