{
  "experiment": "full_retrieval",
  "n_enterprises": 7594,
  "n_test_cases": 1516,
  "results": {
    "@5": {
      "Precision": 0.7937994722955146,
      "Recall": 0.008287471421887465,
      "MRR": 0.8429749340369393,
      "Hit": 0.912269129287599,
      "Precision_std": 0.35793098183445576,
      "MRR_std": 0.3272789152662512
    },
    "@10": {
      "Precision": 0.8014511873350924,
      "Recall": 0.015870572764123098,
      "MRR": 0.846088809314403,
      "Hit": 0.9353562005277045,
      "Precision_std": 0.3502324966462043,
      "MRR_std": 0.3198136191641597
    },
    "@20": {
      "Precision": 0.812565963060686,
      "Recall": 0.031773577516232554,
      "MRR": 0.8500343414130664,
      "Hit": 0.9887862796833773,
      "Precision_std": 0.3365519699815748,
      "MRR_std": 0.3096517496226325
    }
  }
}