{
  "experiment": "lambda_sweep",
  "lambdas": [
    0.0,
    0.1,
    0.2,
    0.3,
    0.5,
    0.7,
    0.9,
    1.0
  ],
  "results": [
    {
      "name": "lambda_0.0",
      "seed": 42,
      "ce_weight": 0.0,
      "nce_weight": 1.0,
      "temperature": 0.5,
      "best_nce": 0.5913251223096107,
      "best_vacc": 0.15354070152217075,
      "best_epoch": 70,
      "retrieval": {
        "@5": {
          "Precision": 0.9496042216358839,
          "Recall": 0.02718614280834368,
          "MRR": 1.0,
          "Hit": 1.0,
          "Precision_std": 0.12808144499535692,
          "MRR_std": 0.0
        },
        "@10": {
          "Precision": 0.9432058047493405,
          "Recall": 0.05181291886206995,
          "MRR": 1.0,
          "Hit": 1.0,
          "Precision_std": 0.14193354708061573,
          "MRR_std": 0.0
        },
        "@20": {
          "Precision": 0.9357849604221636,
          "Recall": 0.09768916226239847,
          "MRR": 1.0,
          "Hit": 1.0,
          "Precision_std": 0.1519359804275514,
          "MRR_std": 0.0
        }
      }
    },
    {
      "name": "lambda_0.1",
      "seed": 42,
      "ce_weight": 0.1,
      "nce_weight": 0.9,
      "temperature": 0.5,
      "best_nce": 0.5911248149858896,
      "best_vacc": 0.6816677696889477,
      "best_epoch": 91,
      "retrieval": {
        "@5": {
          "Precision": 0.9447229551451186,
          "Recall": 0.02810555668072398,
          "MRR": 0.9683377308707124,
          "Hit": 0.9980211081794196,
          "Precision_std": 0.12425977035416685,
          "MRR_std": 0.1317467998518078
        },
        "@10": {
          "Precision": 0.9192612137203166,
          "Recall": 0.04502902741609947,
          "MRR": 0.9686675461741425,
          "Hit": 1.0,
          "Precision_std": 0.17823077403256488,
          "MRR_std": 0.12951190873906707
        },
        "@20": {
          "Precision": 0.9325857519788918,
          "Recall": 0.09819079603412717,
          "MRR": 0.9686675461741425,
          "Hit": 1.0,
          "Precision_std": 0.14906317800550017,
          "MRR_std": 0.12951190873906707
        }
      }
    },
    {
      "name": "lambda_0.2",
      "seed": 42,
      "ce_weight": 0.2,
      "nce_weight": 0.8,
      "temperature": 0.5,
      "best_nce": 0.5912149696686971,
      "best_vacc": 0.5473196558570483,
      "best_epoch": 77,
      "retrieval": {
        "@5": {
          "Precision": 0.9187335092348284,
          "Recall": 0.024580663437789294,
          "MRR": 0.9703166226912929,
          "Hit": 1.0,
          "Precision_std": 0.15863028558601133,
          "MRR_std": 0.11908174769819209
        },
        "@10": {
          "Precision": 0.9133905013192611,
          "Recall": 0.04461862319565026,
          "MRR": 0.9703166226912929,
          "Hit": 1.0,
          "Precision_std": 0.1760722387564222,
          "MRR_std": 0.11908174769819209
        },
        "@20": {
          "Precision": 0.9302440633245382,
          "Recall": 0.09835098979036336,
          "MRR": 0.9703166226912929,
          "Hit": 1.0,
          "Precision_std": 0.14674527338755977,
          "MRR_std": 0.11908174769819209
        }
      }
    },
    {
      "name": "lambda_0.3",
      "seed": 42,
      "ce_weight": 0.3,
      "nce_weight": 0.7,
      "temperature": 0.5,
      "best_nce": 0.5911928818980835,
      "best_vacc": 0.5830575777630708,
      "best_epoch": 65,
      "retrieval": {
        "@5": {
          "Precision": 0.8732189973614777,
          "Recall": 0.028493805374679018,
          "MRR": 0.8667326297273527,
          "Hit": 0.9617414248021108,
          "Precision_std": 0.26341662588905257,
          "MRR_std": 0.27102581829602296
        },
        "@10": {
          "Precision": 0.8550791556728232,
          "Recall": 0.0579560008130863,
          "MRR": 0.8683293546090378,
          "Hit": 0.9722955145118733,
          "Precision_std": 0.23708165557984387,
          "MRR_std": 0.2663243838422571
        },
        "@20": {
          "Precision": 0.7926121372031661,
          "Recall": 0.08568975034771563,
          "MRR": 0.8683293546090378,
          "Hit": 0.9722955145118733,
          "Precision_std": 0.2693099948185226,
          "MRR_std": 0.2663243838422571
        }
      }
    },
    {
      "name": "lambda_0.5",
      "seed": 42,
      "ce_weight": 0.5,
      "nce_weight": 0.5,
      "temperature": 0.5,
      "best_nce": 0.5904710641677844,
      "best_vacc": 0.42157511581733953,
      "best_epoch": 6,
      "retrieval": {
        "@5": {
          "Precision": 0.929419525065963,
          "Recall": 0.029609725551900407,
          "MRR": 0.9616534740545294,
          "Hit": 0.9841688654353562,
          "Precision_std": 0.20431991764891494,
          "MRR_std": 0.1727818542569242
        },
        "@10": {
          "Precision": 0.9040897097625329,
          "Recall": 0.04855278128427369,
          "MRR": 0.9627748460861917,
          "Hit": 0.9927440633245382,
          "Precision_std": 0.20625867503859238,
          "MRR_std": 0.16686587887947468
        },
        "@20": {
          "Precision": 0.8762862796833771,
          "Recall": 0.06809921797413439,
          "MRR": 0.963047846337749,
          "Hit": 0.9973614775725593,
          "Precision_std": 0.24283939304485058,
          "MRR_std": 0.16533261757595086
        }
      }
    },
    {
      "name": "lambda_0.7",
      "seed": 42,
      "ce_weight": 0.7,
      "nce_weight": 0.30000000000000004,
      "temperature": 0.5,
      "best_nce": 0.589461217031582,
      "best_vacc": 0.42157511581733953,
      "best_epoch": 6,
      "retrieval": {
        "@5": {
          "Precision": 0.8183377308707124,
          "Recall": 0.007074398964953298,
          "MRR": 0.8433597185576077,
          "Hit": 0.8634564643799473,
          "Precision_std": 0.36118594152423145,
          "MRR_std": 0.35355736978281554
        },
        "@10": {
          "Precision": 0.8220316622691293,
          "Recall": 0.013881094509510982,
          "MRR": 0.8456430351384178,
          "Hit": 0.8806068601583114,
          "Precision_std": 0.3528849649245434,
          "MRR_std": 0.34851752221493154
        },
        "@20": {
          "Precision": 0.8306728232189974,
          "Recall": 0.03438633820140012,
          "MRR": 0.8534925472383351,
          "Hit": 0.9927440633245382,
          "Precision_std": 0.3319345567238193,
          "MRR_std": 0.3296869666905195
        }
      }
    },
    {
      "name": "lambda_0.9",
      "seed": 42,
      "ce_weight": 0.9,
      "nce_weight": 0.09999999999999998,
      "temperature": 0.5,
      "best_nce": 0.5192768867225551,
      "best_vacc": 0.8087359364659166,
      "best_epoch": 342,
      "retrieval": {
        "@5": {
          "Precision": 0.870316622691293,
          "Recall": 0.028284856806970734,
          "MRR": 0.9347625329815303,
          "Hit": 0.987467018469657,
          "Precision_std": 0.23026921267108433,
          "MRR_std": 0.19034468776865257
        },
        "@10": {
          "Precision": 0.8684036939313984,
          "Recall": 0.06148479984474942,
          "MRR": 0.9348358252711816,
          "Hit": 0.9881266490765171,
          "Precision_std": 0.21527508471063905,
          "MRR_std": 0.19000583308172544
        },
        "@20": {
          "Precision": 0.8094327176781002,
          "Recall": 0.08596219563972987,
          "MRR": 0.9349465325058991,
          "Hit": 0.9894459102902374,
          "Precision_std": 0.258662727162143,
          "MRR_std": 0.18948501999638692
        }
      }
    },
    {
      "name": "lambda_1.0",
      "seed": 42,
      "ce_weight": 1.0,
      "nce_weight": 0.0,
      "temperature": 0.5,
      "best_nce": 0.5209698213345724,
      "best_vacc": 0.8014559894109861,
      "best_epoch": 129,
      "retrieval": {
        "@5": {
          "Precision": 0.9064643799472296,
          "Recall": 0.030571000973958814,
          "MRR": 0.929089709762533,
          "Hit": 0.9670184696569921,