{
  "experiment": "pure_gnn_ce_only",
  "seed": 42,
  "best_val_acc": 0.8087359364659166,
  "best_epoch": 197,
  "results": {
    "@5": {
      "Precision": 0.9721635883905014,
      "Recall": 0.03714174999683969,
      "MRR": 0.978320140721196,
      "Hit": 0.9887862796833773,
      "Precision_std": 0.1413870775306723,
      "MRR_std": 0.1317969134201585
    },
    "@10": {
      "Precision": 0.9462401055408971,
      "Recall": 0.06801550808022892,
      "MRR": 0.97852431209951,
      "Hit": 0.9901055408970977,
      "Precision_std": 0.13765988210399557,
      "MRR_std": 0.130394323801057
    },
    "@20": {
      "Precision": 0.8725263852242744,
      "Recall": 0.08067644655694782,
      "MRR": 0.9788041553872688,
      "Hit": 0.9947229551451188,
      "Precision_std": 0.22761703467738062,
      "MRR_std": 0.12834563225991213
    }
  }
}