{
  "experiment": "random_baseline",
  "timestamp": "2026-05-31 00:57:23.236285",
  "results": {
    "@5": {
      "Precision": 0.33654353562005274,
      "Recall": 0.0006657442150540459,
      "MRR": 0.41062005277044855,
      "Hit": 0.5072559366754618
    },
    "@10": {
      "Precision": 0.33456464379947226,
      "Recall": 0.0013181000319934953,
      "MRR": 0.42350981069648613,
      "Hit": 0.6075197889182058
    },
    "@20": {
      "Precision": 0.33515831134564644,
      "Recall": 0.0026443442838986727,
      "MRR": 0.4311979306546544,
      "Hit": 0.7156992084432717
    }
  }
}