{
  "experiment": "seed_stability",
  "seeds": [
    42,
    123,
    456
  ],
  "mean_mrr10": 0.9503518029903254,
  "std_mrr10": 0.057725815064911104,
  "mean_p5": 0.9165787159190852,
  "std_p5": 0.05681962053693003,
  "individual": [
    {
      "name": "seed_42",
      "seed": 42,
      "ce_weight": 0.5,
      "nce_weight": 0.5,
      "temperature": 0.5,
      "best_nce": 0.5900807700727985,
      "best_vacc": 0.5314361350099271,
      "best_epoch": 8,
      "retrieval": {
        "@5": {
          "Precision": 0.941952506596306,
          "Recall": 0.027624300305699748,
          "MRR": 0.9868073878627969,
          "Hit": 0.9881266490765171,
          "Precision_std": 0.18522577783181354,
          "MRR_std": 0.11117075386692458
        },
        "@10": {
          "Precision": 0.9238786279683376,
          "Recall": 0.04935432696374762,
          "MRR": 0.9868073878627969,
          "Hit": 0.9881266490765171,
          "Precision_std": 0.19032605280678036,
          "MRR_std": 0.11117075386692458
        },
        "@20": {
          "Precision": 0.8751319261213719,
          "Recall": 0.06864151390981194,
          "MRR": 0.9872429148655081,
          "Hit": 0.9947229551451188,
          "Precision_std": 0.23594037082480057,
          "MRR_std": 0.10737435495046274
        }
      }
    },
    {
      "name": "seed_123",
      "seed": 123,
      "ce_weight": 0.5,
      "nce_weight": 0.5,
      "temperature": 0.5,
      "best_nce": 0.5549587500473775,
      "best_vacc": 0.7822634017207147,
      "best_epoch": 248,
      "retrieval": {
        "@5": {
          "Precision": 0.8378627968337731,
          "Recall": 0.016078760785345887,
          "MRR": 0.8653474054529464,
          "Hit": 0.9412928759894459,
          "Precision_std": 0.30685513872526,
          "MRR_std": 0.3048369295189086
        },
        "@10": {
          "Precision": 0.8485488126649077,
          "Recall": 0.04152128096160938,
          "MRR": 0.8688654353562005,
          "Hit": 0.962401055408971,
          "Precision_std": 0.25929527919453993,
          "MRR_std": 0.2956533092714355
        },
        "@20": {
          "Precision": 0.8440303430079156,
          "Recall": 0.0930753872632308,
          "MRR": 0.8688654353562005,
          "Hit": 0.962401055408971,
          "Precision_std": 0.25877537172362497,
          "MRR_std": 0.2956533092714355
        }
      }
    },
    {
      "name": "seed_456",
      "seed": 456,
      "ce_weight": 0.5,
      "nce_weight": 0.5,
      "temperature": 0.5,
      "best_nce": 0.5907875584769228,
      "best_vacc": 0.6181336863004633,
      "best_epoch": 74,
      "retrieval": {
        "@5": {
          "Precision": 0.9699208443271768,
          "Recall": 0.03149424559640085,
          "MRR": 0.9953825857519789,
          "Hit": 1.0,
          "Precision_std": 0.07149178644134381,
          "MRR_std": 0.04782663075811139
        },
        "@10": {
          "Precision": 0.9810686015831134,
          "Recall": 0.06829731633378984,
          "MRR": 0.9953825857519789,
          "Hit": 1.0,
          "Precision_std": 0.03934380011903988,
          "MRR_std": 0.04782663075811139
        },
        "@20": {
          "Precision": 0.9779023746701847,
          "Recall": 0.1363923178488622,
          "MRR": 0.9953825857519789,
          "Hit": 1.0,
          "Precision_std": 0.03770047163688092,
          "MRR_std": 0.04782663075811139
        }
      }
    }
  ]
}