{
  "experiment": "seed_stability",
  "seeds": [42,123,456],
  "mean_mrr10": 0.9503518029903254,
  "std_mrr10": 0.057725815064911104,
  "mean_p5": 0.9165787159190852,
  "std_p5": 0.05681962053693003,
  "individual": [
    {"name":"seed_42","seed":42,"ce_weight":0.5,"nce_weight":0.5,"temperature":0.5,"best_nce":0.5900807700727985,"best_vacc":0.5314361350099271,"best_epoch":8,"retrieval":{"@5":{"Precision":0.941952506596306,"MRR":0.9868073878627969,"Hit":0.9881266490765171},"@10":{"Precision":0.9238786279683376,"MRR":0.9868073878627969,"Hit":0.9881266490765171},"@20":{"Precision":0.8751319261213719,"MRR":0.9872429148655081,"Hit":0.9947229551451188}}},
    {"name":"seed_123","seed":123,"ce_weight":0.5,"nce_weight":0.5,"temperature":0.5,"best_nce":0.5549587500473775,"best_vacc":0.7822634017207147,"best_epoch":248,"retrieval":{"@5":{"Precision":0.8378627968337731,"MRR":0.8653474054529464,"Hit":0.9412928759894459},"@10":{"Precision":0.8485488126649077,"MRR":0.8688654353562005,"Hit":0.962401055408971},"@20":{"Precision":0.8440303430079156,"MRR":0.8688654353562005,"Hit":0.962401055408971}}},
    {"name":"seed_456","seed":456,"ce_weight":0.5,"nce_weight":0.5,"temperature":0.5,"best_nce":0.5907875584769228,"best_vacc":0.6181336863004633,"best_epoch":74,"retrieval":{"@5":{"Precision":0.9699208443271768,"MRR":0.9953825857519789,"Hit":1.0},"@10":{"Precision":0.9810686015831134,"MRR":0.9953825857519789,"Hit":1.0},"@20":{"Precision":0.9779023746701847,"MRR":0.9953825857519789,"Hit":1.0}}}
  ]
}