{
  "experiment": "temperature_sweep",
  "taus": [
    0.03,
    0.05,
    0.07,
    0.1,
    0.3,
    0.5
  ],
  "results": [
    {
      "name": "tau_0.03",
      "seed": 42,
      "ce_weight": 0.5,
      "nce_weight": 0.5,
      "temperature": 0.03,
      "best_nce": 0.4281434234432157,
      "best_vacc": 0.8047650562541363,
      "best_epoch": 90,
      "retrieval": {
        "@5": {
          "Precision": 0.9077836411609499,
          "Recall": 0.03142692569570602,
          "MRR": 0.9323548812664907,
          "Hit": 0.9656992084432717,
          "Precision_std": 0.24085948924268252,
          "MRR_std": 0.22126976218288902
        },
        "@10": {
          "Precision": 0.8846965699208443,
          "Recall": 0.05923355974521969,
          "MRR": 0.9324648197009675,
          "Hit": 0.966358839050132,
          "Precision_std": 0.23286242275254948,
          "MRR_std": 0.22084749346637236
        },
        "@20": {
          "Precision": 0.8218667546174143,
          "Recall": 0.07401649036905447,
          "MRR": 0.932559503520134,
          "Hit": 0.9676781002638523,
          "Precision_std": 0.28329434179424356,
          "MRR_std": 0.22046384390379067
        }
      }
    },
    {
      "name": "tau_0.05",
      "seed": 42,
      "ce_weight": 0.5,
      "nce_weight": 0.5,
      "temperature": 0.05,
      "best_nce": 0.42770021784791573,
      "best_vacc": 0.8014559894109861,
      "best_epoch": 135,
      "retrieval": {
        "@5": {
          "Precision": 0.9023746701846965,
          "Recall": 0.031593604184299524,
          "MRR": 0.9533311345646438,
          "Hit": 0.9901055408970977,
          "Precision_std": 0.20044714393434185,
          "MRR_std": 0.16996432014169371
        },
        "@10": {
          "Precision": 0.88344327176781,
          "Recall": 0.06052635932929825,
          "MRR": 0.9541792310591782,
          "Hit": 0.9953825857519789,
          "Precision_std": 0.19287169187304548,
          "MRR_std": 0.1655505342775138
        },
        "@20": {
          "Precision": 0.8201517150395777,
          "Recall": 0.08499820664169865,
          "MRR": 0.9541792310591782,
          "Hit": 0.9953825857519789,
          "Precision_std": 0.25136417397632477,
          "MRR_std": 0.1655505342775138
        }
      }
    },
    {
      "name": "tau_0.07",
      "seed": 42,
      "ce_weight": 0.5,
      "nce_weight": 0.5,
      "temperature": 0.07,
      "best_nce": 0.4258779139679187,
      "best_vacc": 0.7981469225678358,
      "best_epoch": 199,
      "retrieval": {
        "@5": {
          "Precision": 0.9614775725593668,
          "Recall": 0.03351130234121003,
          "MRR": 0.9764182058047494,
          "Hit": 0.9993403693931399,
          "Precision_std": 0.10295851252693604,
          "MRR_std": 0.1179599314196459
        },
        "@10": {
          "Precision": 0.9505936675461741,
          "Recall": 0.06806118132521762,
          "MRR": 0.9764182058047494,
          "Hit": 0.9993403693931399,
          "Precision_std": 0.09897051111678655,
          "MRR_std": 0.1179599314196459
        },
        "@20": {
          "Precision": 0.8787269129287598,
          "Recall": 0.08719869815690405,
          "MRR": 0.9764182058047494,
          "Hit": 0.9993403693931399,
          "Precision_std": 0.19754669956879248,
          "MRR_std": 0.1179599314196459
        }
      }
    },
    {
      "name": "tau_0.1",
      "seed": 42,
      "ce_weight": 0.5,
      "nce_weight": 0.5,
      "temperature": 0.1,
      "best_nce": 0.4230503186614392,
      "best_vacc": 0.8219722038385175,
      "best_epoch": 258,
      "retrieval": {
        "@5": {
          "Precision": 0.9556728232189974,
          "Recall": 0.03704274387144937,
          "MRR": 0.9741094986807388,
          "Hit": 0.9802110817941952,
          "Precision_std": 0.16529579650800794,
          "MRR_std": 0.1493086482517225
        },
        "@10": {
          "Precision": 0.9260554089709763,
          "Recall": 0.0679010179144411,
          "MRR": 0.9741754617414248,
          "Hit": 0.9808707124010554,
          "Precision_std": 0.16541466912272473,
          "MRR_std": 0.14889981165114755
        },
        "@20": {
          "Precision": 0.8485158311345646,
          "Recall": 0.08631823912512337,
          "MRR": 0.9742225782133433,
          "Hit": 0.9815303430079155,
          "Precision_std": 0.2331443897622402,
          "MRR_std": 0.1486025495423661
        }
      }
    },
    {
      "name": "tau_0.3",
      "seed": 42,
      "ce_weight": 0.5,
      "nce_weight": 0.5,
      "temperature": 0.3,
      "best_nce": 0.5764675957009869,
      "best_vacc": 0.7028457974851092,
      "best_epoch": 91,
      "retrieval": {
        "@5": {
          "Precision": 0.9761213720316623,
          "Recall": 0.03392196180401919,
          "MRR": 0.9943931398416886,
          "Hit": 1.0,
          "Precision_std": 0.07325630749697354,
          "MRR_std": 0.05264972173070637
        },
        "@10": {
          "Precision": 0.9738786279683378,
          "Recall": 0.06728671487815396,
          "MRR": 0.9943931398416886,
          "Hit": 1.0,
          "Precision_std": 0.05062663833334651,
          "MRR_std": 0.05264972173070637
        },
        "@20": {
          "Precision": 0.9323878627968337,
          "Recall": 0.09968337360921545,
          "MRR": 0.9943931398416886,
          "Hit": 1.0,
          "Precision_std": 0.14224629300546457,
          "MRR_std": 0.05264972173070637
        }
      }
    },
    {
      "name": "tau_0.5",
      "seed": 42,
      "ce_weight": 0.5,
      "nce_weight": 0.5,
      "temperature": 0.5,
      "best_nce": 0.5904710641677844,
      "best_vacc": 0.42157511581733953,
      "best_epoch": 6,
      "retrieval": {
        "@5": {
          "Precision": 0.929419525065963,
          "Recall": 0.029609725551900407,
          "MRR": 0.9616534740545294,
          "Hit": 0.9841688654353562,
          "Precision_std": 0.20431991764891494,
          "MRR_std": 0.1727818542569242
        },
        "@10": {
          "Precision": 0.9040897097625329,
          "Recall": 0.04855278128427369,
          "MRR": 0.9627748460861917,
          "Hit": 0.9927440633245382,
          "Precision_std": 0.20625867503859238,
          "MRR_std": 0.16686587887947468
        },
        "@20": {
          "Precision": 0.8762862796833771,
          "Recall": 0.06809921797413439,
          "MRR": 0.963047846337749,
          "Hit": 0.9973614775725593,
          "Precision_std": 0.24283939304485058,
          "MRR_std": 0.16533261757595086
        }
      }
    }
  ]
}